Oleg Petrov,0949358090,leigham.doroteo@fallinhay.com
Колобов Чарльз,380930475474,mocossosotri-2702@yopmail.com
Воронцов Чеслав,0974409074,jaheddoipapru-3212@yopmail.com
Дементьев Егор,+380981817803,pa5h@mail.ru
Тимофеев Дан,+78441612513,715qy08@gmail.com
Иванив Трофим,0974804897,o@outlook.com
Сафонов Никодим,+18745132512,d2mc@outlook.com
Хитоми Асакура,+614178615541,iut@gmail.com
Steven Gregory,+481531215665,v9dux@gmail.com
Robert Garcia,1598561223,r3p4mgf5@yandex.ru
Jonathan Carter,380612325475,we3l08z5@gmail.com
